Chiave,Valore
max aarons,0
matteo gabbia,1
fred onyedinma,2
christopher operi,3
jeremie frimpong,4
marvin friedrich,5
marco friedl,6
willi orban,7
ivan ordets,8
przemysław frankowski,9
eneko ortiz,10
ben osborn,11
juan foyth,12
dimitri foulquier,13
gabriel osho,14
andrew omobamidele,15
héctor fort,16
roberto gagliardini,17
javi galán,18
chiedozie ogbene,19
angelo ogbonna,20
florent ogier,21
fran garcia,22
eric garcía,23
david garcía,24
caleb okoli,25
joseph okumu,26
cristian gamboa,27
antonino gallo,28
mathías olivera,29
pablo galdames millán,30
warmed omari,31
becir omeragic,32
odeluga offiah,33
aiham ousou,34
jonas föhrenbach,35
thomas partey,36
triantafyllos pasaridīs,37
kiko femenía,38
ohis felix uduokhai,39
luiz felipe,40
felipe,41
felix passlack,42
patric,43
nathan patterson,44
federico fazio,45
gabriel paulista,46
benjamin pavard,47
davide faraoni,48
edimilson fernandes,49
thomas foket,50
fabiano parisi,51
leart paqarada,52
anthony oyono,53
cenk özkacar,54
david ozoh,55
jon pacheco,56
alessandro florenzi,57
willian pacho,58
john fleck,59
kilian fischer,60
riccardo pagano,61
nicolas pallois,62
emerson palmieri,63
joão ferreira,64
antonios papadopoulos,65
sokratis papastathopoulos,66
merveille papela,67
aitor paredes,68
fali,69
tim oermann,70
unai garcía,71
christian groß,72
álex grimaldo,73
florian grillitsch,74
nahitan nández,75
matija nastasić,76
natan,77
jesús navas,78
youssouf ndayishimiye,79
joseph nduquidi,80
loïc nego,81
jonathan gradit,82
jeffrey gouweleeuw,83
zack nelson,84
robin gosens,85
andoni gorosabel,86
pascal groß,87
luca netz,88
mahamadou nagida,89
stanley n'soki,90
aihen muñoz,91
manuel gulde,92
daniel muñoz,93
murillo,94
frederic guilbert,95
josuha guilavogui,96
pape gueye,97
axel guessand,98
raphaël guerreiro,99
phillipp mwene,100
vitaliy mykolenko,101
marc guéhi,102
joakim mæhle,103
obite n'dicka,104
nemanja gudelj,105
nacho,106
ulisses garcia,107
carlos neva,108
giovanni gonzález,109
samuel gigot,110
gerzino nyamsi,111
lautaro gianetti,112
saman ghoddos,113
anwar el ghazi,114
yannick gerhardt,115
valentin gendrey,116
jake o'brien,117
francesco gelli,118
dara o'shea,119
adam obert,120
federico gatti,121
yarek gasiorowski,122
luca garritano,123
álvaro odriozola,124
mario gila,125
moussa niakhate,126
alfie gilchrist,127
benedikt gimber,128
tanguy nianzou,129
enso gonzalez,130
édgar gonzález,131
rasmus nicolaisen,132
niels nkounkou,133
joe gomez,134
toti gomes,135
peru nolaskoain,136
rhys norrington-davies,137
edoardo goldaniga,138
ben godfrey,139
klaus gjasula,140
kasim nuhu,141
matthias ginter,142
unai núñez,143
fabian nürnberger,144
robert gumny,145
myles peart-harris,146
marcus pedersen,147
giovanni di lorenzo,148
david raum,149
tim ream,150
sergio reguilón,151
mikkel desler,152
sepp van den berg,153
chadi riad,154
alexsandro ribeiro,155
olivier deman,156
alessandro dellavalle,157
hannes delcroix,158
thomas delaine,159
chris richards,160
koni de winter,161
alessandro di pardo,162
thibault de smet,163
andrei ratiu,164
bafodé diakité,165
sinaly diomande,166
junior dina ebimbe,167
antonio raillo,168
federico dimarco,169
lucas digne,170
eric dier,171
víctor díaz,172
sergio ramos,173
rúben dias,174
moussa diarra,175
luca ranieri,176
filippo ranocchia,177
nicolai rapp,178
ibrahim diakité,179
mouctar diakhaby,180
edan diop,181
lorenzo de silvestri,182
diego rico,183
flavius daniliuc,184
ricardo rodríguez,185
diogo dalot,186
ameen al-dakhil,187
mads roerslev,188
rogério,189
alessio romagnoli,190
danilo d'ambrosio,191
simone romagnoli,192
sam curtis,193
eric curbelo,194
carlos romero,195
cristian romero,196
jorge cuenca,197
marc cucurella,198
danilo,199
mattia de sciglio,200
kevin danso,201
raimane daou,202
clemens riedel,203
craig dawson,204
paweł dawidowicz,205
rodrigo riquelme,206
ben davies,207
alphonso davies,208
mihailo ristić,209
juan david cabal,210
gorka rivera alonso,211
sergi roberto,212
connor roberts,213
matteo darmian,214
andrew robertson,215
antonee robinson,216
jack robinson,217
dante,218
mads pedersen,219
issa diop,220
nemanja radonjić,221
nehuén pérez,222
hjalmar ekdal,223
kingsley ehizibue,224
lilian egloff,225
lucas perrin,226
john egan,227
tyronne ebuehi,228
enzo ebosse,229
festy ebosele,230
germán pezzella,231
giuseppe pezzella,232
patric pfeiffer,233
jean-kevin duverne,234
kamil piątkowski,235
lewis dunk,236
carles pérez,237
paul dummett,238
pedro pereira,239
nico elvedi,240
alfonso pedraza,241
adrià pedrosa,242
jonny evans,243
pervis estupiñán,244
maxime estève,245
bernardo espinosa,246
alfonso espino,247
luca pellegrini,248
martin erlic,249
arne engels,250
andy pelmard,251
aurélien pelon,252
emerson,253
danilo pereira,254
aritz elustondo,255
aleksandar radovanović,256
denzel dumfries,257
rubén duarte,258
carlos dominguez,259
marc pubill,260
gustavo puerta,261
josh doig,262
victor lindelöf,263
matt doherty,264
danilho doekhi,265
dodô,266
ritsu doan,267
berat djimsiti,268
koffi djidji,269
djené,270
jarell quansah,271
tiago djaló,272
axel disasi,273
beñat prados,274
amos pieper,275
alejandro pozo pozo,276
stefan posch,277
domingos duarte,278
tim drexler,279
radu drăgușin,280
niccolò pierozzi,281
ronaël pierre-gabriel,282
ethan pinnock,283
ismaël doukouré,284
lorenzo pirola,285
alfie doughty,286
guela doué,287
marin pongračić,288
pedro porro,289
alberto dossena,290
patrick dorgu,291
giulio donati,292
christian günter,293
abdul mumin,294
malo gusto,295
kostas manolas,296
dominik kohr,297
javier manquillo,298
robin koch,299
robin knoche,300
ansgar knauff,301
faitout maouassa,302
lukas klostermann,303
christoph klarer,304
marcão,305
simon kjær,306
jakub kiwior,307
joshua kimmich,308
max kilman,309
sead kolašinac,310
luca kilian,311
aïssa mandi,312
mert kömür,313
ainsley maitland-niles,314
boubakar kouyaté,315
jules koundé,316
therence koudou,317
jordy makengo,318
koffi kouao,319
julián malatini,320
filip kostić,321
odilon kossonou,322
ezri konsa,323
wilson manafá,324
abdoul koné,325
gianluca mancini,326
ibrahima konaté,327
cheick konaté,328
reinildo mandava,329
patrick mainka,330
riccardo marchizza,331
gian marco ferrari,332
rick karsdorp,333
aarón martín,334
emir karic,335
jon martin,336
arnau martinez,337
iñigo martínez,338
lisandro martínez,339
lucas martínez quarta,340
adam marušić,341
adam masina,342
willy kambwala,343
hassane kamara,344
erhan mašović,345
han-noah massengo,346
grigoris kastanos,347
abdukodir khusanov,348
marquinhos,349
michael kayode,350
óscar de marcos,351
kaine kesler-hayden,352
milos kerkez,353
pablo marí,354
josé maría giménez,355
lloyd kelly,356
yannik keitel,357
naby keïta,358
rafa marín,359
thilo kehrer,360
guillermo maripán,361
kévin keben biakolo,362
mika màrmol,363
michael keane,364
panos katseris,365
pierre kalulu,366
emil krafth,367
harry maguire,368
abou lô,369
bradley locko,370
tom lockyer,371
renan lodi,372
noah loosli,373
robin le normand,374
vincent le goff,375
david lópez,376
julien le cardinal,377
théo le bris,378
manuel lazzari,379
valentino lazaro,380
javi lópez,381
jordan lotomba,382
diogo leite,383
tom louchet,384
maxim leitsch,385
stefan lekovic,386
matthijs de ligt,387
philipp lienhart,388
pol lirola,389
rico lewis,390
valentino livramento,391
jefferson lerma,392
christopher lenz,393
diego llorente,394
clément lenglet,395
ruben lendinez,396
álvaro lemos,397
marcos llorente,398
gautier lloris,399
iñigo lekue,400
florian lejeune,401
frans krätzig,402
toni lato,403
jamaal lascelles,404
mateus lusuardi,405
charalambos lykogiannis,406
layvin kurzawa,407
ian maatsen,408
marash kumbulla,409
sael kumbedi,410
deiver machado,411
pablo maffeo,412
gabriel magalhães,413
soungoutou magassa,414
lukas kübler,415
matej maglica,416
giangiacomo magnani,417
thomas kristensen,418
rasmus kristensen,419
sebastiano luperto,420
matteo lovato,421
giorgos kyriakopoulos,422
maxence lacroix,423
yasser larouci,424
dejan lovren,425
julien laporte,426
aymeric laporte,427
max lowe,428
bruno langa,429
lucas,430
jhon lucumí,431
josé luis gayà,432
kenny lala,433
stefan lainer,434
konrad laimer,435
yoel lago,436
josé luis palomino,437
castello lukeba,438
gedeon kalulu,439
clinton mata,440
joël matip,441
johan mojica,442
jack hinshelwood,443
piero hincapié,444
james hill,445
isak hien,446
aaron hickey,447
juan herzog,448
nahuel molina,449
enzo mongo,450
ilario monterisi,451
césar montes,452
jorge herrando,453
theo hernández,454
luis hernández,455
jakub moder,456
lucas hernández,457
mason holgate,458
maximilian mittelstädt,459
tyrone mings,460
óscar mingueza,461
elseid hysaj,462
ignasi miquel,463
mats hummels,464
dean huijsen,465
timo hübers,466
juan miranda,467
kevin miranda,468
filippo missori,469
tyrick mitchell,470
martin hongla,471
stefan mitrović,472
emil holm,473
fabian holland,474
iago,475
aridane hernández,476
mario hermoso,477
ridgeciano haps,478
andreas hanche-olsen,479
lewis hall,480
achraf hakimi,481
oualid el hajjam,482
massadio haïdara,483
loris mouyokolo,484
jaouen hadjam,485
françois mughe,486
janik haberer,487
nordi mukiele,488
norbert gyömbér,489
jannik müller,490
joško gvardiol,491
miguel gutiérrez,492
yerson mosquera,493
javi hernández,494
cristhian mosquera,495
daiki hashioka,496
christophe hérelle,497
gonzalo montiel,498
rico henry,499
henrique,500
benjamin henrichs,501
alberto moreno,502
álex moreno,503
dominique heintz,504
silvan hefti,505
jorge moreno,506
jan paul van hecke,507
thorgan hazard,508
mateu morey,509
pantelis hatzidiakos,510
hans hateboer,511
makoto hasebe,512
lucas mincarelli,513
yerry mina,514
pasquale mazzocchi,515
kevin mbabu,516
ethan mbappé,517
mamadou mbaye,518
chancel mbemba,519
jordi,520
joseph johnson,521
scott mckenna,522
ryan john giles,523
weston mckennie,524
alejandro jiménez,525
juan jesus,526
facundo medina,527
moritz jenz,528
noussair mazraoui,529
ben mee,530
juanpe,531
christopher jullien,532
chrislain matsima,533
kaiky,534
alan matturro,535
yaya kader fofana,536
issa kaboré,537
christian kabasele,538
ozan kabak,539
mathias jørgensen,540
konstantinos mavropanos,541
christian mawissa,542
philipp max,543
david jurásek,544
josip juranović,545
anthony jung,546
mads juel andersen,547
bamo meïté,548
birger meling,549
hiroki ito,550
ko itakura,551
junior messias,552
ardian ismajli,553
ismaily,554
thomas isherwood,555
thomas meunier,556
bastien meupiyou,557
nikola milenković,558
imanol,559
samuel iling-junior,560
éder militão,561
james milner,562
igor,563
kim min-jae,564
quentin merlin,565
diego iturralde,566
jorge meré,567
houboulang mendes,568
nuno mendes,569
tony jantschke,570
vitaly janelt,571
reece james,572
bruno méndez,573
ismail jakobs,574
pau cubarsí,575
antoine mendy,576
ferland mendy,577
paul jaeckel,578
formose mendy,579
jérémy jacquet,580
teden mengi,581
chris mepham,582
armando izzo,583
benjamin mendy,584
juan cuadrado,585
frank ronstadt,586
takehiro tomiyasu,587
rafael tolói,588
jeremy toljan,589
harry toffolo,590
jean-clair todibo,591
jurriën timber,592
antonio tikvić,593
ramy bensebaini,594
kieran tierney,595
lucas beraldo,596
yuri berchiche,597
bartosz bereszyński,598
luke thomas,599
malick thiaw,600
norman theuerkauf,601
arthur theate,602
bernardo,603
samuele birindelli,604
davide biraschi,605
cristiano biraghi,606
aurélien tchouaméni,607
jaka bijol,608
nathan tella,609
james tomkins,610
jordan beyer,611
nahuel tenaglia,612
filippo terracciano,613
ramón terrats,614
kenny tete,615
luke berry,616
victor bernth kristiansen,617
sam beukema,618
jeanuël belocian,619
fikayo tomori,620
héctor bellerín,621
kostas tsimikas,622
simone bastoni,623
alessandro bastoni,624
calvin bassey,625
tuta,626
chris basham,627
maximilian bauer,628
steven baseya,629
marc bartra,630
davide bartesaghi,631
destiny udogie,632
matthieu udol,633
samuel umtiti,634
dayot upamecano,635
federico baschirotto,636
enzo tchato,637
elias baum,638
adrien truffert,639
raoul bellanova,640
raúl torrente,641
stefan bell,642
amari'i bell,643
pau torres,644
ahmed touba,645
auston trusty,646
souleymane touré,647
donny van de beek,648
ismaël traoré,649
omar traoré,650
owen beck,651
christopher trimmel,652
kieran trippier,653
hamari traoré,654
jackson tchatchoua,655
charlie taylor,656
hendry blank,657
john brooks,658
andre brooks,659
dylan bronn,660
brandon soppy,661
saidou sow,662
çağlar söyüncü,663
carlos soler,664
djed spence,665
gleison bremer,666
josip stanišić,667
carl starfelt,668
niklas stark,669
pascal stenzel,670
brau,671
leonardo spinazzola,672
lilian brassier,673
alex sola,674
emran soglo,675
aurélio buta,676
pablo busto,677
marnon busch,678
chris smalling,679
adam smith,680
dan burn,681
tajon buchanan,682
reece burke,683
cédric soares,684
alessandro buongiorno,685
danilo soares,686
eduard sobol,687
santiago bueno,688
hugo bueno,689
hrvoje smolčić,690
melvin bard,691
leonidas stergiou,692
conor bradley,693
nicolás tagliafico,694
jonathan tah,695
willy boly,696
montassar talbi,697
adrien tameze,698
renato tapia,699
giovanni bonfanti,700
jayden bogle,701
sacha boey,702
matt targett,703
jérôme boateng,704
james tarkowski,705
daley blind,706
nuno tavares,707
edmond tapsoba,708
jarrad branthwaite,709
kevin bonifazi,710
leonardo bonucci,711
domagoj bradarić,712
john stones,713
álex suárez,714
damián suárez,715
gabriel suazo,716
niklas süle,717
sven botman,718
adri bosch,719
dembo sylla,720
sebastiaan bornauw,721
attila szalai,722
neto borges,723
abakar sylla,724
josha vagnoman,725
emanuele valeri,726
martin valjent,727
raúl albiol,728
darlin yongwa,729
david alaba,730
kevin akpoguma,731
leny yoro,732
ashley young,733
omar alderete,734
etienne youte kinkoue,735
dan-axel zagadou,736
sergio akieme,737
yoram zague,738
nathan aké,739
warren zaïre-emery,740
illia zabarnyi,741
manuel akanji,742
trent alexander-arnold,743
joe worrall,744
bruno amione,745
kelvin amian,746
jordan amavi,747
josh wilson-esbrand,748
yeray álvarez,749
hugo álvarez,750
antal yaakobishvili,751
gastón álvarez,752
maximilian wöber,753
adrià altimira,754
marcos alonso,755
marius wolf,756
jim allevinah,757
christopher wooh,758
axel witsel,759
michael amir murillo,760
denis zakaria,761
rayan aït-nouri,762
christoph zimmermann,763
oleksandr zinchenko,764
marcos acuña,765
joshua acheampong,766
francesco acerbi,767
luc zogbé,768
david zima,769
abdel abqar,770
nadir zortea,771
nabil aberdin,772
kurt zouma,773
yunis abdelhamid,774
igor zubeldia,775
abner,776
kristoffer ajer,777
nathan zeze,778
cedric zesiger,779
ola aina,780
joseph aidoo,781
anel ahmedhodžić,782
joseba zaldúa,783
ruben aguilar,784
nayef aguerd,785
tosin adarabioyo,786
felix agu,787
emmanuel agbadou,788
gabriele zappa,789
davide zappacosta,790
nathaniel adjei,791
mehdi zeffane,792
jordan zemura,793
alessandro zanoli,794
milan škriniar,795
neco williams,796
sofyan amrabat,797
joël veltman,798
micky van de ven,799
lorenzo venuti,800
eric bailly,801
nacho vidal,802
benoît badiashile,803
miloš veljković,804
matthias bader,805
srđan babić,806
paulo azzi,807
césar azpilicueta,808
matías viña,809
serge aurier,810
yann aurel bisseck,811
loïc bade,812
carlos augusto,813
mitchel bakker,814
alejandro balde,815
jesús vallejo,816
mattia bani,817
siebe van der heyden,818
virgil van dijk,819
vanderson,820
raphaël varane,821
ridle baku,822
johan vásquez,823
iván balliu,824
leonardo balerdi,825
jesus vazquez,826
kevin vázquez,827
george baldock,828
lucas vázquez,829
fodé ballo-touré,830
mateusz wieteska,831
tommaso augello,832
mattia viti,833
ronald araújo,834
julian araujo,835
adam webster,836
jon aramburu,837
mitchell weiser,838
waldemar anton,839
joel ward,840
fabrizio angileri,841
miguel ángel rubio,842
robert andrich,843
ben white,844
silvan widmer,845
joachim andersen,846
angeliño,847
ricardo visus,848
aaron wan-bissaka,849
sebastian walukiewicz,850
vitinho,851
youcef atal,852
lorenz assignon,853
daniel vivian,854
alessandro vogliacco,855
jesús areso,856
kevin vogt,857
arthur,858
mërgim vojvoda,859
stefan de vrij,860
yoël armougom,861
iñigo arguibide,862
kyle walker,863
leo skiri østigård,864
césar tárrega,865
samuel lino,866
fabien centonze,867
andrea carboni,868
álex centelles,869
isaac carcelen,870
zeki çelik,871
giorgio scalvini,872
chumi,873
víctor chust,874
kike salas,875
william saliba,876
irvin cardona,877
eray cömert,878
mohammed salisu,879
nélson semedo,880
alex sandro,881
joe scally,882
saba sazonov,883
marvin senaya,884
fali candé,885
tim siersleben,886
sadibou sané,887
modibo sagnan,888
el chadaille bitshiabu,889
tommaso corazza,890
théo sainte-luce,891
sergi cardona,892
luke shaw,893
diego coppola,894
copete,895
julian chabot,896
leonardo cerri,897
zanos savva,898
mamadou sakho,899
marcos senesi,900
andres sfait,901
igor carioca,902
maximiliano caufriez,903
manu sánchez,904
saúl coco,905
jean-charles castelletto,906
nico schlotterbeck,907
nathaniel clyne,908
perr schuurs,909
timothy castagne,910
nicolò casale,911
aleksandar sedlar,912
giorgio cittadini,913
patrick ciurria,914
junior sambia,915
jonathan clauss,916
kenneth schmidt,917
ricard sánchez,918
benno schmitz,919
matty cash,920
casemiro,921
jesús corona,922
keven schlotterbeck,923
maxime colin,924
diego carlos,925
carmona,926
catena,927
levi colwill,928
juanlu sánchez,929
fabian schär,930
yannick carrasco,931
séamus coleman,932
davinson sánchez,933
yoann salmier,934
alidu seidu,935
antonin cartillier,936
nnamdi collins,937
dani carvajal,938
nathan collins,939
falaye sacko,940
franco cervi,941
andreas christensen,942
jérôme roussillon,943
bouna sarr,944
wilfried singo,945
jhoanner chávez,946
amir rrahmani,947
pep chavarría,948
ruan,949
antonio rüdiger,950
jan-carlo simic,951
joão cancelo,952
mamadou coulibaly,953
javier rueda garcia,954
vladimír coufal,955
mamadou sarr,956
brendan chardonnet,957
timothy chandler,958
calum chambers,959
anthony rouault,960
nicolas cozza,961
duje ćaleta-car,962
juan cruz armada,963
oliver skipp,964
marten de roon,965
ben chilwell,966
liberato cacace,967
anthony caci,968
paco sanz,969
bryan cristante,970
daniele rugani,971
tiago santos,972
daley sinkgraven,973
davide calabria,974
riccardo calafiori,975
fabio chiarodia,976
mattia caldara,977
pablo rosario,978
luca caldirola,979
valentin rosier,980
jailson siqueira,981
arouna sangante,982
kaelan casey,983
emre can,984
caio henrique oliveira silva,985
thierry correia,986
matteo ruggeri,987
julian ryerson,988
thiago silva,989
mário rui,990
stefano sabelli,991
kiliann sildillia,992
trevoh chalobah,993
logan costa,994
mohamed simakan,995
eduardo camavinga,996
stefan savić,997
danny da costa,998
youssouf sabaly,999
jaume costa,1000
aaron ramsey,1001
lautaro martínez,1002
scott mctominay,1003
toni villa,1004
cristian volpato,1005
simone verdi,1006
asier villalibre,1007
youssef maziz,1008
bryan mbeumo,1009
ibou sané,1010
alan virginius,1011
oscar vilhelmsson,1012
christian pulisic,1013
george pușcaș,1014
malick mbaye,1015
kylian mbappé,1016
alexis sánchez,1017
jonathan viera,1018
fabio vieira,1019
leroy sané,1020
riccardo saponara,1021
anthony martial,1022
jacob ramsey,1023
emanuel vignato,1024
samuele vignato,1025
luca waldschmidt,1026
elye wahi,1027
gabriel martinelli,1028
kevin volland,1029
roger martí,1030
senny mayulu,1031
gonçalo ramos,1032
luca raimund,1033
nathanael mbuku,1034
jadon sancho,1035
carlos vinícius,1036
nicolas viola,1037
neal maupay,1038
eric maxim choupo-moting,1039
john mcginn,1040
james mcatee,1041
oliver mcburnie,1042
aïman maurer,1043
abdellah raihani,1044
jean mattéo bahoya,1045
nicola sansone,1046
vitinha,1047
chris ramos,1048
dwight mcneil,1049
sandro ramírez,1050
grant ranos,1051
nikola vlašić,1052
dušan vlahović,1053
benito ramírez,1054
largie ramazani,1055
jordi mboula,1056
borja mayoral,1057
jaime mata,1058
jean-philippe mateta,1059
yorbe vertessen,1060
carlos vicente,1061
jesurun rak sakyi,1062
christ mbondi,1063
benson manuel,1064
raphinha,1065
anthony lozano,1066
lorenzo lucca,1067
matt ritchie,1068
dominic sadi,1069
josé luis morales,1070
umar sadiq,1071
alexis saelemaekers,1072
luis rioja,1073
romelu lukaku,1074
mattia zaccagni,1075
dodi lukebakio,1076
wesley saïd,1077
jaïro riedewald,1078
othmane maamma,1079
bukayo saka,1080
kenan yıldız,1081
noni madueke,1082
bertuğ yıldırım,1083
kelvin yeboah,1084
yusuf yazıcı,1085
roman yaremchuk,1086
marco richter,1087
frank magri,1088
lamine yamal,1089
zito luvumbo,1090
richarlison,1091
arsen zakharyan,1092
nicolò zaniolo,1093
milan đurić,1094
lovro zvonarek,1095
marcin listkowski,1096
luka romero,1097
dejan ljubicic,1098
javier llabrés,1099
isaac romero,1100
vitor roque,1101
simon zoller,1102
joshua zirkzee,1103
merlin röhl,1104
morgan rogers,1105
emmanuel sabbi,1106
edon zhegrova,1107
andy logbo,1108
ademola lookman,1109
anass zaroury,1110
diego lópez,1111
bryan zaragoza,1112
jay rodriguez,1113
fermin lópez,1114
óscar rodríguez arnaiz,1115
duván zapata,1116
rodri,1117
rodrygo,1118
omar marmoush,1119
xeber,1120
jon magunacelaya,1121
bobby reid,1122
hannibal mejbri,1123
roland sallai,1124
iñaki williams,1125
nathan redmond,1126
abderrahman rebbach,1127
ethan wheatley,1128
raúl,1129
mama samba baldé,1130
giacomo raspadori,1131
timo werner,1132
alberto marí,1133
reinier,1134
josé mari,1135
shon weissman,1136
marcus rashford,1137
nelson weiper,1138
mariano,1139
mirko marić,1140
wout weghorst,1141
elba rashani,1142
antonio sanabria,1143
ollie watkins,1144
kjell-arik wätjen,1145
lewis warrington,1146
danny welbeck,1147
ibrahim salah,1148
nico williams,1149
willian,1150
adel mahamoud,1151
habib maïga,1152
mohamed salah,1153
linton maina,1154
cauley woodrow,1155
chris wood,1156
lovro majer,1157
jean-victor makengo,1158
rodrigo ribeiro,1159
jeong woo-yeong,1160
nick woltemade,1161
amine salama,1162
mateo retegui,1163
daniel maldini,1164
gio reyna,1165
donyell malen,1166
aaron malouda,1167
hianga mananga mbock,1168
yoane wissa,1169
marco reus,1170
jonas wind,1171
patrick wimmer,1172
marco mancosu,1173
harry wilson,1174
callum wilson,1175
óscar melendo,1176
william osula,1177
pablo sarabia,1178
jessic ngankam,1179
cyril ngonge,1180
steve ngoura,1181
leonardo pavoletti,1182
m'baye niang,1183
benjamin šeško,1184
mamadou sylla,1185
shamar nicholson,1186
kevin sessa,1187
justin njinmah,1188
eddie nketiah,1189
aaron seydel,1190
christopher nkunku,1191
lukas nmecha,1192
karol świderski,1193
arnaud nordin,1194
williot swedberg,1195
tijjani noslin,1196
randy nteka,1197
suso,1198
tomáš suslov,1199
ernest nuamah,1200
eldor shomurodov,1201
isaac success,1202
darwin núñez,1203
steven shpendi,1204
nicolás paz,1205
pedro neto,1206
antoine semenyo,1207
facundo pellistri,1208
elayis tavsan,1209
nikola sekulov,1210
marcus tavernier,1211
nathan n'goumou,1212
jimi tauriainen,1213
bilal nadir,1214
keito nakamura,1215
davie selke,1216
pietro pellegri,1217
dženan pejčinović,1218
jordan pefok,1219
denis suárez,1220
yassin tallal,1221
bassirou ndiaye,1222
iliman ndiaye,1223
rassoul ndiaye,1224
michael ndiweni,1225
dan ndoye,1226
pedro,1227
pedri,1228
vivaldo semedo,1229
álvaro negredo,1230
musa al-taamari,1231
reiss nelson,1232
alexander sørloth,1233
roberto navarro,1234
cristhian stuani,1235
gabriel strefezza,1236
ethan nwaneri,1237
aingeru olabarrieta,1238
mathias olesen,1239
michael olise,1240
moses simon,1241
ola solbakken,1242
dominic solanke,1243
cole palmer,1244
isaac palazón camacho,1245
luis sinisterra,1246
rubén sobrino,1247
samu omorodion,1248
gonçalo paciência,1249
manor solomon,1250
karim onisiwo,1251
loïs openda,1252
royce openda owaga,1253
gift orban,1254
ayanda sishuba,1255
divock origi,1256
gaetano oristanio,1257
riccardo orsolini,1258
naatan skyttä,1259
mikel oyarzabal,1260
patrick ouotro,1261
adam ounas,1262
victor osimhen,1263
ryan one,1264
junior mwanga,1265
joaquín panichelli,1266
giuliano simeone,1267
simeon nwankwo,1268
jørgen strand larsen,1269
pascu,1270
rabby nzingoula,1271
filip stojilković,1272
trivante stewart,1273
m'bala nzola,1274
raheem sterling,1275
andré silva,1276
mark o'mahony,1277
bernardo silva,1278
michael obafemi,1279
ben parkinson,1280
david okereke,1281
brian ocampo,1282
jens odgaard,1283
fábio silva,1284
kevin paredes,1285
wilson odobert,1286
victor parada,1287
lucas paquetá,1288
giovanni simeone,1289
issa soumaré,1290
matìas soulé,1291
noah okafor,1292
riccardo sottil,1293
florian sotoca,1294
christos papadopoulos,1295
lucas ocampos,1296
marciano tchami,1297
loum tchaouna,1298
kingstone mutandwa,1299
sebastian polter,1300
marko milovanović,1301
matteo politano,1302
alassane pléa,1303
yeremi pino,1304
andrea pinamonti,1305
viktor tsyhankov,1306
rafa mir,1307
aleksei miranchuk,1308
santiago pierotti,1309
marvin pieringer,1310
leandro trossard,1311
kaoru mitoma,1312
jovan milošević,1313
aleksandar mitrović,1314
mike trésor,1315
gianluca scamacca,1316
óscar trejo,1317
dane scarlett,1318
florian pick,1319
terem moffi,1320
mostafa mohamed,1321
dion moise sahi,1322
roberto piccoli,1323
chaka traorè,1324
adama traoré,1325
andros townsend,1326
alberto moleiro,1327
enzo millot,1328
enes ünal,1329
memphis,1330
alejo véliz,1331
gabriel veiga,1332
brais méndez,1333
antonio puertas,1334
amin sarr,1335
ismaila sarr,1336
borja vázquez,1337
abdón prats,1338
ruben vargas,1339
yussuf poulsen,1340
kévin van den kerkhof,1341
portu,1342
myrto uzuni,1343
mark uth,1344
kacper urbanski,1345
omenuke mfulu,1346
lucas michal,1347
sven michel,1348
miguel,1349
georges mikautadze,1350
remi oudin,1351
arkadiusz milik,1352
deniz undav,1353
martin satriano,1354
gonzalo melero,1355
kevin schade,1356
florent mollet,1357
kike pérez,1358
francisco perez,1359
florian thauvin,1360
mason mount,1361
ayoze pérez,1362
divin mubama,1363
mykhailo mudryk,1364
benjamin tetteh,1365
roberto pereyra,1366
samuele mulattieri,1367
martin terrier,1368
mathias pereira lage,1369
jérémy sebas,1370
steve mounié,1371
thomas müller,1372
alberto perea,1373
iker muniain,1374
pepín,1375
rodrigo muniz,1376
mathys tel,1377
álvaro muñoz,1378
faris pemi moumbagna,1379
luis muriel,1380
vedat muriqi,1381
yunus musah,1382
jamal musiala,1383
florent muslija,1384
demba seck,1385
ferrán torres,1386
youssoufa moukoko,1387
lebo mothiba,1388
jaden philogene bidace,1389
maximilian philipp,1390
patrik schick,1391
pablo torre,1392
ivan toney,1393
stefan schimmer,1394
luca pfeiffer,1395
tiago tomás,1396
raúl de tomás,1397
kieffer moore,1398
álvaro morata,1399
diego moreira,1400
jeffrey schlupp,1401
denis thomalla,1402
jens petter hauge,1403
andrea petagna,1404
gerard moreno,1405
romano schmid,1406
steffen tigges,1407
phillip tietz,1408
youri tielemans,1409
cheikh tidiane sabaly,1410
ilaix moriba,1411
carlton morris,1412
marcus thuram,1413
ivan perišić,1414
dany mota,1415
matteo perez vinlöf,1416
njegoš petrović,1417
sávio,1418
mohamed lamine bayo,1419
valentin carboni,1420
ander barrenetxea,1421
ryan gravenberch,1422
mamadou diakhon,1423
adrian grbić,1424
moussa diaby,1425
jack grealish,1426
boulaye dia,1427
mason greenwood,1428
michael gregoritsch,1429
antoine griezmann,1430
vincenzo grifo,1431
brajan gruda,1432
federico di francesco,1433
jarrod bowen,1434
oumar diakité,1435
sergi guardiola,1436
gonçalo guedes,1437
harvey barnes,1438
aymen barkok,1439
kike barja,1440
lucas boyé,1441
evann guessand,1442
bilal brahimi,1443
bradley barcola,1444
morgan guilavogui,1445
antonín barák,1446
serhou guirassy,1447
marc guiu,1448
mattia destro,1449
amad diallo,1450
samuel grandsir,1451
hugo boutsingkham,1452
serge gnabry,1453
aleksandr golovin,1454
florian dietz,1455
andré gomes,1456
chris bedia,1457
sheraldo becker,1458
maxi gómez,1459
moi gómez,1460
papu gómez,1461
sergio gómez,1462
adrian beck,1463
bamba dieng,1464
mohamed bechikh,1465
justin diehl,1466
bebé,1467
pablo gozalbez,1468
amine gouiri,1469
assane diao,1470
habib diarra,1471
bilal boutobba,1472
benjamin bourigeaud,1473
ermedin demirović,1474
brahim díaz,1475
anthony gordon,1476
luis díaz,1477
nicolás gonzález,1478
famara diedhiou,1479
christoph baumgartner,1480
hugo gonzález,1481
kaide gordon,1482
jessy deminguet,1483
ousmane dembélé,1484
karamoko dembélé,1485
leon bailey,1486
cristian herrera,1487
jonathan david,1488
david datro fofana,1489
lukas daschner,1490
son heung-min,1491
adam hložek,1492
brenner,1493
philipp hofmann,1494
jaime báez,1495
breel embolo,1496
mohammed daramy,1497
alex baena,1498
benedict hollerbach,1499
gerrit holtmann,1500
ben brereton,1501
rasmus højlund,1502
sardar azmoun,1503
bennit bröger,1504
thijs dallinga,1505
rhian brewster,1506
callum hudson-odoi,1507
thomas henry,1508
maximilian breunig,1509
jayden danns,1510
shavy babicka,1511
fraser hornby,1512
sydney van hooijdonk,1513
mathias honsak,1514
arnaut danjuma,1515
eren dinkçi,1516
keinan davis,1517
nedim bajrami,1518
arda güler,1519
léo baptistão,1520
mamady bangré,1521
sacha delaye,1522
lameck banda,1523
gorka guruzeta,1524
albert guðmundsson,1525
samuel bamba,1526
julian brandt,1527
mohamed bamba,1528
jonathan bamba,1529
erling haaland,1530
romain del castillo,1531
robin hack,1532
antwoine hackford,1533
munir el haddadi,1534
ianis hagi,1535
cédric bakambu,1536
josip brekalo,1537
charles de ketelaere,1538
hwang hee-chan,1539
kai havertz,1540
abdou harroui,1541
luiz henrique,1542
dilane bakwa,1543
jack harrison,1544
tommaso baldanzi,1545
amine harit,1546
grégoire defrel,1547
sébastien haller,1548
folarin balogun,1549
jamie gittens,1550
yanis begraoui,1551
olivier giroud,1552
beto,1553
jan-niklas beste,1554
odsonne édouard,1555
carlos fernández,1556
matúš bero,1557
valery fernández,1558
ichem ferrah,1559
mergim berisha,1560
oscar bobb,1561
medon berisha,1562
george earthy,1563
nacho ferri,1564
rachad fettal,1565
aron dønnum,1566
paulo dybala,1567
jóhann berg guðmundsson,1568
domenico berardi,1569
pablo fornals,1570
tiago fonseca morais,1571
michael folorunsho,1572
álex berenguer,1573
bruno fernandes,1574
malick fofana,1575
phil foden,1576
adama bojang,1577
jhon durán,1578
julien duranville,1579
jeremie boga,1580
hugo duro,1581
marvin ducksch,1582
dion drena beljo,1583
myron boadu,1584
joão félix,1585
emanuel emegha,1586
ludovic blas,1587
elif elmas,1588
youssef en-nesyri,1589
julio enciso,1590
harvey elliott,1591
tom bischof,1592
simon elisor,1593
anthony elanga,1594
oscar estupiñan,1595
karl etta,1596
eberechi eze,1597
abde ezzalzouli,1598
giovanni fabbian,1599
caleb ekuban,1600
nabil fekir,1601
peter federico,1602
hugo ekitike,1603
khalil fayad,1604
ansu fati,1605
evan ferguson,1606
emmanuel ekong,1607
ilhan fakili,1608
pep biel,1609
romain faivre,1610
el bilal touré,1611
armando broja,1612
emil forsberg,1613
nikola dovedan,1614
gennaro borrelli,1615
nicolás domínguez,1616
mario dominguez,1617
ignatius ganago,1618
erik botheim,1619
álvaro garcía,1620
jérémie bela,1621
francisco jesús crespo garcía,1622
gonzalo garcía,1623
jastin garcía,1624
raúl garcía,1625
rubén garcía,1626
santiago garcía,1627
alejandro garnacho,1628
jeremy doku,1629
maximilian beier,1630
sofiane diop,1631
mohamed bouchenna,1632
bryan gil,1633
morgan gibbs-white,1634
farés ghedjemis,1635
denis genreau,1636
jamie donley,1637
kevin behrens,1638
gelabert,1639
badredine bouanani,1640
yann gboho,1641
ben doak,1642
gavi,1643
jesper lindstrøm,1644
damion downs,1645
kévin gameiro,1646
jean-ricner bellegarde,1647
omari forson,1648
artem dovbyk,1649
saïd benrahma,1650
philipp förster,1651
lyle foster,1652
matheus frança,1653
anastasios douvikas,1654
nathan fraser,1655
federico bonazzoli,1656
wissam ben yedder,1657
jean frederic n'guessan,1658
désiré doué,1659
victor boniface,1660
jorge de frutos,1661
siriné doucouré,1662
chris führich,1663
rafael borré,1664
cody gakpo,1665
yvandro borges sanches,1666
gianluca gaetano,1667
abdoulaye doucouré,1668
andrea belotti,1669
ângelo borges,1670
gerardo fusco,1671
niclas füllkrug,1672
lucas beltrán,1673
eliesse ben seghir,1674
shiō fukuda,1675
trévis dago,1676
lucas höler,1677
borja iglesias,1678
randal kolo muani,1679
samuel chukwueze,1680
carney chukwuemeka,1681
nabil alioui,1682
faride alidou,1683
ibrahima koné,1684
mohamed ali cho,1685
aboubacar ali,1686
dominic calvert-lewin,1687
tahith chong,1688
christian kouamé,1689
luca koleosho,1690
francesco camarda,1691
leon chiwome,1692
tawanda chirewa,1693
federico chiesa,1694
david akpan ankeye,1695
youssef chermiti,1696
rayan cherki,1697
dawid kownacki,1698
walid cheddira,1699
axel camblan,1700
muhammed cham,1701
andrej kramarić,1702
maghnes akliouche,1703
sergio camello,1704
ilias akhomach,1705
nicolò cambiaghi,1706
tadeo allende,1707
domingos andré ribeiro almeida,1708
alphadjo cissè,1709
theo corbeanu,1710
rareș-cătălin burnete,1711
bambasé conté,1712
zeki amdouni,1713
alois confais,1714
jesper karlsson,1715
jon karrikaburu,1716
mason burstow,1717
amath,1718
kingsley coman,1719
silas katompa,1720
mikkel kaufmann,1721
moise kean,1722
selim amallah,1723
papa amadou diallo,1724
andrea colpani,1725
jordan ayew,1726
miguel almirón,1727
josé callejón,1728
pontus almqvist,1729
ibrahim cissoko,1730
justin kluivert,1731
tim kleindienst,1732
marley aké,1733
kiké,1734
wahbi khazri,1735
reda khadra,1736
julián álvarez,1737
rémy cabella,1738
omari kellyman,1739
thomas keller,1740
jovane cabral,1741
yann karamoh,1742
ludovic ajorque,1743
tosin aiyegun,1744
giuseppe caso,1745
juanmi latasa,1746
thomas cannon,1747
armand lauriente,1748
elijah adebayo,1749
sergi canós,1750
sargis adamyan,1751
junior adamu,1752
luigi canotto,1753
lázaro,1754
darko lazović,1755
jérémy le douaron,1756
akor adams,1757
rafael leão,1758
cyle larin,1759
bénie adama traore,1760
adrien lebeau,1761
tammy abraham,1762
cesare casadei,1763
gianluca caprari,1764
zakaria aboukhlal,1765
matthis abline,1766
álvaro carreras,1767
keyliane abdallah,1768
francesco caputo,1769
robert lewandowski,1770
jamie leweling,1771
marc cardona,1772
brenden aaronson,1773
gianluca lapadula,1774
valentín castellanos,1775
didier lamkel zé,1776
naouirou ahamada,1777
takefusa kubo,1778
fares chaïbi,1779
mohammed kudus,1780
brandon aguilera,1781
alberto cerri,1782
dejan kulusevski,1783
justin kumi,1784
václav černý,1785
emil ceide,1786
dani ceballos,1787
adson,1788
khvicha kvaratskhelia,1789
ivan cavaleiro,1790
matteo cancellieri,1791
moritz-broni kwarteng,1792
érik lamela,1793
mathis lambourde,1794
adam lallana,1795
karim adeyemi,1796
samu castillejo,1797
nikola krstović,1798
simon adingra,1799
gaëtan laborde,1800
antonio candreva,1801
amine adli,1802
santiago castro,1803
gaetano castrovilli,1804
grejohn kyei,1805
alexandre lacazette,1806
jeppe corfitzen,1807
lorenzo colombo,1808
oliver burke,1809
luis javier suárez,1810
sergio arribas,1811
mohamed el arouch,1812
daniel jebbison,1813
jeffinho,1814
fredrik jensen,1815
marko arnautović,1816
gabriel jesus,1817
raúl jiménez,1818
joão pedro,1819
joelinton,1820
hákon arnar haraldsson,1821
brennan johnson,1822
takuma asano,1823
josé arnaiz,1824
matias arezo,1825
philippe coutinho,1826
jeremy jorge,1827
kaio jorge,1828
tanguy coulibaly,1829
willian josé,1830
joselu,1831
diogo jota,1832
moritz broschinski,1833
antoine joujou,1834
luka jović,1835
jacob brown,1836
cameron archer,1837
david brooks,1838
nuha jatta,1839
adnan januzaj,1840
marco asensio,1841
jonathan ikone,1842
chukwubuikem ikwuemesi,1843
andrej ilic,1844
tomáš čvančara,1845
andré ayew,1846
marvin cuni,1847
joel imasuen,1848
taiwo awoniyi,1849
ciro immobile,1850
ezequiel ávila,1851
danny ings,1852
matheus cunha,1853
alexander isak,1854
gustav isaksen,1855
pierre-emerick aubameyang,1856
jakub jankto,1857
ablie jallow,1858
joel asoro,1859
kristijan jakić,1860
jonathan asp jensen,1861
juanmi,1862
lee jae-sung,1863
nicolas jackson,1864
alex iwobi,1865
juan cruz,1866
arthur atta,1867
junya ito,1868
iago aspas,1869
eli junior kroupi,1870
adu ares,1871
adri embarba,1872
felipe anderson,1873
giacomo corona,1874
jakub kamiński,1875
stredair appuah,1876
tino kadewere,1877
ángel correa,1878
komnen andrić,1879
facundo buonanotte,1880
jaidon anthony,1881
abdoul kader bamba,1882
florian kainz,1883
arnaud kalimuendo,1884
oscar cortés,1885
sasa kalajdzic,1886
joaquín correa,1887
michail antonio,1888
christopher antwi-adjei,1889
antony,1890
yayah kallon,1891
sory kaba,1892
houssem aouar,1893
joão costa,1894
ante budimir,1895
elliot anderson,1896
lee kang-in,1897
maxwel cornet,1898
julian justvan,1899
vinicius júnior,1900
harry kane,1901
jacob bruun larsen,1902
jonathan burkardt,1903
janis blaswich,1904
matz sels,1905
marco sportiello,1906
nikita contini baranovsky,1907
pavao pervan,1908
yassine bounou,1909
daniel peretz,1910
cristian,1911
finn dahmen,1912
marcin bułka,1913
boris radunović,1914
alessandro sorrentino,1915
stole dimitrievski,1916
james shea,1917
simone scuffet,1918
mory diaw,1919
predrag rajković,1920
aaron ramsdale,1921
iván cuéllar,1922
david soria,1923
alexander schwolow,1924
marvin schwäbe,1925
simone perilli,1926
elia caprile,1927
mattia perin,1928
samuele perisan,1929
andrea consigli,1930
marcel schuhen,1931
guillaume dietsch,1932
marco carnesecchi,1933
denis petrić,1934
grégoire coudert,1935
đorđe petrović,1936
frederik rønnow,1937
robert sánchez,1938
thomas strakosha,1939
carlo pinsoglio,1940
arthur desmas,1941
thibaut courtois,1942
ivan provedel,1943
jaume doménech,1944
rémy descamps,1945
unai simón,1946
oliver christensen,1947
wojciech szczęsny,1948
lucas chevalier,1949
pepe reina,1950
guillaume restes,1951
rui silva,1952
álex remiro,1953
marco silvestri,1954
nick pope,1955
benoît costil,1956
alexander brunst,1957
daniele sommariva,1958
koen casteels,1959
raffaele di gennaro,1960
mile svilar,1961
ederson,1962
łukasz skorupski,1963
ionuț radu,1964
rémy riou,1965
gianluigi donnarumma,1966
yehvann diouf,1967
michele di gregorio,1968
yann sommer,1969
brice samba,1970
antonio sivera,1971
alessio cragno,1972
marko dmitrović,1973
jordan pickford,1974
federico ravaglia,1975
fabian bredlow,1976
martin dúbravka,1977
francesco rossi,1978
jason steele,1979
david raya,1980
claudio bravo,1981
michele cerofolini,1982
josé sá,1983
manuel riemann,1984
guillermo ochoa,1985
matt turner,1986
fran vieites,1987
manuel neuer,1988
stefano turati,1989
augusto batalla,1990
daniel batz,1991
oliver baumann,1992
tomáš koubek,1993
moritz nicolas,1994
antonio mirante,1995
lukáš hrádecký,1996
mark travers,1997
kevin trapp,1998
pierluigi gollini,1999
mathieu gorgelin,2000
alexander nübel,2001
matej kovar,2002
david gil,2003
ørjan nyland,2004
luca gemello,2005
mike maignan,2006
james trafford,2007
paulo gazzaniga,2008
jan oblak,2009
tommaso martinelli,2010
emiliano martínez,2011
dean henderson,2012
josep martinez,2013
maduka okoye,2014
radosław majecki,2015
neto,2016
jens grahl,2017
loris karius,2018
bart verbruggen,2019
lorenzo montipò,2020
caoimhín kelleher,2021
kevin müller,2022
péter gulácsi,2023
sergio herrera,2024
álvaro vallés,2025
arijanet muric,2026
gregor kobel,2027
philipp köhn,2028
vito mannone,2029
alisson,2030
juan musso,2031
yvon mvogo,2032
christos mandas,2033
steve mandanda,2034
giorgi mamardashvili,2035
diego mariño,2036
sven ulreich,2037
vicente guaita,2038
unai marrero,2039
nicola bagnolini,2040
dominik greif,2041
lapo nava,2042
keylor navas,2043
ivo grbić,2044
guglielmo vicario,2045
massamba ndiaye,2046
rubén blanco,2047
marc martínez,2048
thomas kaminski,2049
cárdenas,2050
daniel bentley,2051
jesús owono,2052
odisseas vlachodimos,2053
wes foderingham,2054
mark flekken,2055
anthony lopes,2056
vincenzo fiorillo,2057
julen agirrezabala,2058
nicola leali,2059
bernd leno,2060
jean-louis leca,2061
arnau tenas,2062
benjamin lecomte,2063
alexandre oukidja,2064
kepa arrizabalaga,2065
wladimiro falcone,2066
etrit berisha,2067
andré ferreira,2068
marc-andré ter stegen,2069
fernando,2070
jiří pavlenka,2071
raúl fernández,2072
dimitry bertaud,2073
filip jørgensen,2074
aitor fernández,2075
pietro terracciano,2076
sam johnstone,2077
jeremías ledesma,2078
simone aresti,2079
rui patrício,2080
emil audero,2081
alaa bellaarouch,2082
robin olsen,2083
andreas luthe,2084
jonas omlin,2085
andriy lunin,2086
daniel fuzato,2087
andré onana,2088
iván villar,2089
vanja milinković-savić,2090
alex meret,2091
alphonse areola,2092
alban lafont,2093
robin zentner,2094
alexander meyer,2095
aarón escandell,2096
noah atubolu,2097
luís maximiano,2098
łukasz fabiański,2099
stefan ortega,2100
remi matthews,2101
michael zetterer,2102
pau lópez,2103
iñaki peña,2104
marco bizot,2105
florian wirtz,2106
skelly alvero,2107
robert skov,2108
asaf arania,2109
benjamin andré,2110
lorenzo amatucci,2111
andrea sodero,2112
joe white,2113
adam wharton,2114
emile smith rowe,2115
noah weißhaupt,2116
kofi amoako,2117
nadiem amiri,2118
julian weigl,2119
mauro arambarri,2120
joe willock,2121
maxime busi,2122
manu bueno,2123
marius bülter,2124
edson álvarez,2125
antonio blanco,2126
ellyes skhiri,2127
lucien agoume,2128
michel aebischer,2129
adryelson,2130
josé campaña,2131
yacine adli,2132
oier zarraga,2133
vincent sierro,2134
alessio zerbin,2135
sofiane sidi ali,2136
kevin zeroli,2137
piotr zieliński,2138
tyler adams,2139
stephan el shaarawy,2140
gino caoki,2141
étienne capoue,2142
laurent abergel,2143
suat serdar,2144
salis abdul samed,2145
stefano sensi,2146
martín zubimendi,2147
szymon żurkowski,2148
paxten aaronson,2149
martin ødegaard,2150
andre-frank zambo anguissa,2151
nicola zalewski,2152
ebenezer akinsanmiro,2153
tim skarke,2154
sergi altimira,2155
moussa sissoko,2156
ibrahima sissoko,2157
moisés caicedo,2158
tom cairney,2159
jens cajuste,2160
hakan çalhanoğlu,2161
xavi simons,2162
granit xhaka,2163
carles aleñá,2164
lamine camara,2165
maximilian wittek,2166
mahdi camara,2167
yehor yarmoliuk,2168
ryan yates,2169
iván alejo,2170
rubén alcaraz,2171
timothy weah,2172
carlos alcaraz,2173
andrea cambiaso,2174
thiago alcántara,2175
luis alberto,2176
jean-daniel akpa-akpro,2177
paul akouokou,2178
mohamed camara,2179
oliver arblaster,2180
stijn spierings,2181
deivid washington,2182
jude bellingham,2183
sandro tonali,2184
issiaga sylla,2185
reda belahyane,2186
óliver torres,2187
lucas torró,2188
fabio torsiello,2189
saïmon bouabré,2190
ayyoub bouaddi,2191
abdoulaye touré,2192
lucas tousart,2193
fran beltrán,2194
mattias svanberg,2195
ibrahim sulemana,2196
bertrand traoré,2197
boubacar traoré,2198
hicham boudaoui,2199
daouda traoré,2200
manu trigueros,2201
mehdi bourabia,2202
ihlas bebou,2203
beñat turrientes,2204
toma bašić,2205
pablo barrios,2206
kevin strootman,2207
anis ben slimane,2208
przemysław szymiński,2209
leonardo bittencourt,2210
yves bissouma,2211
philip billing,2212
davide bettella,2213
alexis blin,2214
benicio boaitey,2215
oussama targhalline,2216
teddy teuma,2217
jan thielmann,2218
sander berge,2219
adrien thomasson,2220
dominik szoboszlai,2221
morten thorsby,2222
kristian thorstvedt,2223
emil bohinen,2224
khéphren thuram,2225
daniel boloca,2226
rodrigo bentancur,2227
nabil bentaleb,2228
ismaël bennacer,2229
giacomo bonaventura,2230
carlos benavídez,2231
warren bondo,2232
umut tohumcu,2233
corentin tolisso,2234
josh brownhill,2235
edoardo bove,2236
lesley ugochukwu,2237
milan badelj,2238
marco brescianini,2239
djibril sow,2240
vinicius souza,2241
boubakary soumaré,2242
iddrisu baba,2243
tomáš souček,2244
abdellah baallal,2245
oussama el azzouzi,2246
neil el aynaoui,2247
gonzalo villar,2248
rúben vinagre,2249
borna sosa,2250
alberto soro,2251
valentin atangana edoa,2252
kristjan asllani,2253
aster vranckx,2254
maximilian arnold,2255
walace,2256
jhon solis,2257
james ward-prowse,2258
hugo sotelo,2259
manuel ugarte ribeiro,2260
mikel vesga,2261
anton stach,2262
lukas ullrich,2263
enzo barrenechea,2264
leandro barreiro martins,2265
ross barkley,2266
nicolò barella,2267
kevin stöger,2268
óscar valentín,2269
valentín barco,2270
angelo stiller,2271
shandon baptiste,2272
federico valverde,2273
daniel bandeira,2274
josé luis garcía vayá,2275
carlos baleba,2276
aliou baldé,2277
matías vecino,2278
tiemoué bakayoko,2279
tim breithaupt,2280
stefan bajcetic,2281
benjamin stambouli,2282
jens stage,2283
jordan veretout,2284
arthur vermeeren,2285
darko brašanac,2286
karol linetty,2287
uroš račić,2288
johnny cardoso,2289
luis milla,2290
iglesias,2291
arijon ibrahimović,2292
takumi minamino,2293
pablo ibáñez,2294
pierre højbjerg,2295
denis huseinbasic,2296
will hughes,2297
ignacio miramon,2298
xabier huarte armendáriz,2299
fabio miretti,2300
franck honorat,2301
henrikh mkhitaryan,2302
marko mladenović,2303
luka modrić,2304
jonas hofmann,2305
nicolas höfler,2306
patrick herrmann,2307
yangel herrera,2308
jon moncayola,2309
ander herrera,2310
matheus henrique,2311
ivan ilić,2312
lewis miley,2313
gino infantino,2314
bonke innocent,2315
frenkie de jong,2316
curtis jones,2317
james mcconnell,2318
ben johnson,2319
mathias jensen,2320
marvin mehlem,2321
salim el jebari,2322
danley jean-jacques,2323
arthur melo,2324
mikey moore,2325
mikel jauregizar,2326
diego méndez,2327
leonardo mendicino,2328
filip jagiełło,2329
nampalys mendy,2330
mikel merino,2331
yanis issoufou,2332
isco,2333
tim iroegbunam,2334
tomás mendes,2335
joan jordán,2336
luis henrique,2337
axel gueguin,2338
kévin n'doram,2339
gabriel gudmundsson,2340
andrés guardado,2341
ilia gruev,2342
marvelous nakamba,2343
michel ndary adopo,2344
cher ndour,2345
alberto grassi,2346
mario götze,2347
leon goretzka,2348
florian neuhaus,2349
daniel gore,2350
urko gonzález,2351
joan gonzàlez,2352
iñaki gonzález,2353
fabio gonzález,2354
maxime gonalons,2355
iron gomis,2356
hans nicolussi caviglia,2357
saúl ñíguez,2358
unai gómez,2359
mattéo guendouzi,2360
javier guerra,2361
joel mvuka,2362
manu morlanes,2363
nikola moro,2364
luke harris,2365
genki haraguchi,2366
isak hansen-aarøen,2367
gustavo hamer,2368
amadou haidara,2369
samuel moutoussamy,2370
nicolas haas,2371
andreas müller,2372
emmanuel gyasi,2373
liam henderson,2374
marcus müller,2375
jon guridi,2376
i̇lkay gündoğan,2377
gerard gumbau,2378
iker muñoz,2379
javier muñoz,2380
finley munroe,2381
bruno guimarães,2382
alex murphy,2383
jacob murphy,2384
hugo guillamón,2385
ander guevara,2386
marshall munetsi,2387
felix nmecha,2388
nolan mbemba,2389
noah mbamba,2390
karlo lulić,2391
giorgi kvernadze,2392
senne lynen,2393
joshua m'bahia,2394
daler kuzyaev,2395
berkan kutlu,2396
alexis mac allister,2397
darwin machís,2398
james maddison,2399
christian kühlwetter,2400
mahmut kücüksahin,2401
giulio maggiore,2402
rade krunić,2403
hugo magnetti,2404
yohann magnin,2405
toni kroos,2406
tom krauß,2407
christoph kramer,2408
arne maier,2409
alex král,2410
kobbie mainoo,2411
viktor kovalenko,2412
saša lukić,2413
luca de la torre,2414
douglas luiz,2415
aïssa laïdouni,2416
luca lipani,2417
keane lewis-potter,2418
léo leroy,2419
johann lepenant,2420
mario lemina,2421
thomas lemar,2422
pierre lees-melou,2423
giovani lo celso,2424
stanislav lobotka,2425
manuel locatelli,2426
ruben loftus-cheek,2427
mateo kovačić,2428
enzo loiodice,2429
enzo le fée,2430
maxime lopez,2431
unai lópez,2432
dion lopy,2433
anthony losilla,2434
roméo lavia,2435
imran louza,2436
hugo larsson,2437
sandi lovrić,2438
tariq lamptey,2439
sean longstaff,2440
jorginho,2441
cheikhou kouyaté,2442
nemanja maksimović,2443
mario martín,2444
atakan karazor,2445
kevin kampl,2446
marvin,2447
omar mascarell,2448
boubacar kamara,2449
waren kamanzi,2450
daichi kamada,2451
roberto massimo,2452
pape matar sarr,2453
eliot matazo,2454
nemanja matić,2455
alex matos,2456
pavel kadeřábek,2457
azor matusiwa,2458
mohamed kaba,2459
noam mayoka-tika,2460
hamed junior traorè,2461
luca mazzitelli,2462
kamil jóźwiak,2463
jonas martin,2464
ayman kari,2465
iván martín,2466
eric martel,2467
rominigue kouamé,2468
teun koopmeiners,2469
youssef maleh,2470
manu koné,2471
ruslan malinovskyi,2472
lennard maloney,2473
david mamutovic,2474
amadou koné,2475
geoffrey kondogbia,2476
rolando mandragora,2477
orel mangala,2478
antoine makoumbou,2479
braydon manu,2480
davy klaassen,2481
solly march,2482
rani khedira,2483
tobias kempe,2484
aljoscha kemlein,2485
habib keita,2486
răzvan marin,2487
yassine kechta,2488
ibrahima kebe,2489
agustín martegani,2490
koke,2491
joão gomes,2492
joseph nonge,2493
jonathan norbye,2494
dani rodríguez,2495
guido rodríguez,2496
kirian rodríguez,2497
miguel rodríguez,2498
mikkel damsgaard,2499
mahmoud dahoud,2500
alberto dadie,2501
josh cullen,2502
oriol romeu,2503
valentin rongier,2504
unai ropero,2505
aaron cresswell,2506
crespo,2507
joe rothwell,2508
yan couto,2509
nicolò rovella,2510
pelly ruddock mpanzu,2511
fabian rüdlin,2512
lassana coulibaly,2513
samu costa,2514
damián rodríguez,2515
sergio rodelas,2516
sebastian rode,2517
moussa diakité,2518
lamine diack,2519
samuele di benedetto,2520
harrison reed,2521
tijjani reijnders,2522
leander dendoncker,2523
rocco reitz,2524
diego demme,2525
elvis rexhbeçaj,2526
samuele ricci,2527
aitor ruibal,2528
declan rice,2529
alessandro deiola,2530
rodrigo de paul,2531
fabian rieder,2532
kevin de bruyne,2533
tom davies,2534
alberto risco,2535
josh dasilva,2536
lucas robertone,2537
achraf dari,2538
sergi darder,2539
marc roca,2540
amir richardson,2541
amadou diallo,2542
fabián ruiz peña,2543
david pereira da costa,2544
baptiste santamaria,2545
jesús santiago,2546
andrey santos,2547
pedro chirivella,2548
charlys,2549
téji savanier,2550
danilo cataldi,2551
andrás schäfer,2552
jonny castro,2553
xaver schlager,2554
cristian cásseres jr.,2555
niklas schmidt,2556
josué casimir,2557
fabian schnellhardt,2558
jan schöppner,2559
marc casado,2560
alex scott,2561
william carvalho,2562
fabio carvalho,2563
rasmus carstensen,2564
nicolas seiwald,2565
morgan sanson,2566
ibrahim sangaré,2567
joris chotard,2568
jacob christensen,2569
marcel sabitzer,2570
jack cork,2571
pablo saenz,2572
francis coquelin,2573
lewis cook,2574
pietro comuzzo,2575
santi comesaña,2576
salvi,2577
lazar samardzic,2578
diadie samassékou,2579
sergio ruiz,2580
marcus coco,2581
silvi clúa,2582
fede san emeterio,2583
alexis claude-maurice,2584
oihan sancet,2585
renato sanches,2586
jordan clark,2587
bobby clark,2588
antonio sánchez,2589
djaoui cissé,2590
pathé ciss,2591
ryan christie,2592
albert sambi lokonga,2593
krépin diatta,2594
mahamadou diawara,2595
ylber ramadani,2596
leon opitz,2597
remo freuler,2598
morten frendrup,2599
davide frattesi,2600
aimar oroz,2601
bartol franjić,2602
asier osambela,2603
milutin osmajić,2604
patrick osterhage,2605
dango ouattara,2606
kassoum ouattara,2607
azzedine ounahi,2608
youssouf fofana,2609
salih özcan,2610
simone pafundi,2611
max finkgräfe,2612
pablo pagis,2613
exequiel palacios,2614
seydou fini,2615
joão palhinha,2616
jordan ferri,2617
miloš pantović,2618
angelo fulgini,2619
frank onyeka,2620
tyler onyango,2621
jean onana,2622
angel gomes,2623
oliver norwood,2624
matheus nunes,2625
gvidas gineitis,2626
billy gilmour,2627
christian nørgaard,2628
dennis geiger,2629
pedro obiang,2630
federico gattoni,2631
johan gastien,2632
andrea ferraris,2633
james garner,2634
masaya okugawa,2635
aleix garcía,2636
michael olakigbe,2637
olasagasti,2638
finn ole becker,2639
idrissa gana gueye,2640
conor gallagher,2641
dani olmo,2642
iñigo ruiz de galarreta,2643
amadou onana,2644
dani garcía,2645
enzo fernández,2646
álex fernández,2647
tommy doyle,2648
kamory doumbia,2649
douglas,2650
niccolò pisilli,2651
tommaso pobega,2652
paul pogba,2653
ole pohlmann,2654
cheick doucouré,2655
julien ponceau,2656
carlos dotor,2657
niklas dorsch,2658
ondrej duda,2659
matteo prati,2660
sanjin prcić,2661
grischa prömel,2662
lewis dobbin,2663
arnau puigmal,2664
chaim el djebali,2665
domingos quina,2666
adrien rabiot,2667
andy diouf,2668
hamza rafia,2669
ivan rakitić,2670
josé pozo,2671
maxence caqueret,2672
alfred duncan,2673
kalvin phillips,2674
leandro paredes,2675
daniel parejo,2676
lewis ferguson,2677
mario pašalić,2678
jacopo fazzini,2679
aleksandar pavlovic,2680
martín payero,2681
radamel falcao,2682
sydie peck,2683
nicolò fagioli,2684
lorenzo pellegrini,2685
gonzalo escalante,2686
wataru endo,2687
marcos peña,2688
rubén peña,2689
andreas pereira,2690
mohamed elneny,2691
romain perraud,2692
maximilian eggestein,2693
máximo perrone,2694
matteo pessina,2695
éderson,2696
simon ebonog,2697
christian eriksen,2698
mateusz łęgowski,2699
fine_player,-1
